t_s,ref_rpm,rpm_hil,u_hil,rpm_sim,u_sim
0.0,1500.0,0.0,2.0917,0.0,2.0916666666666663
0.01,1500.0,70.94525024056179,3.3442,70.94411965698163,3.3442328676897253
0.02,1500.0,189.89435767250518,3.8836,189.89425387758183,3.8836173402979686
0.03,1500.0,312.8797753453383,4.3676,312.880626385228,4.367536947990868
0.04,1500.0,429.25790443303015,4.9416,429.25660864967335,4.941616419114561
0.05,1500.0,542.8672311198861,5.5527,542.8661309114002,5.552667486148637
0.06,1500.0,656.5629864894627,6.1626,656.5612030780378,6.162577996464219
0.07,1500.0,770.7023531701442,6.7666,770.6999025305698,6.766572701572364
0.08,1500.0,884.9774313276607,7.3687,884.9743919036434,7.3687552392169415
0.09,1500.0,999.2286450916871,7.9712,999.227901629185,7.9712177787035365
0.1,1500.0,1113.4534314501718,8.1305,1113.454049170276,8.130445563193733
0.11,1500.0,1212.629552266858,8.0715,1212.6283810227617,8.07150895626845
0.12,1500.0,1288.1867261538791,7.9532,1288.1855600444485,7.953210767540099
0.13,1500.0,1341.2621282438752,7.9439,1341.2616851181585,7.943959618867438
0.14,1500.0,1380.1830862691422,7.9501,1380.184886983986,7.950073273437092
0.15,1500.0,1409.9719727039762,7.9492,1409.9730795219655,7.9491765223032065
0.16,1500.0,1432.742343194321,7.9416,1432.7421218946313,7.941557356509682
0.17,1500.0,1449.8571046169372,7.933,1449.855232408826,7.93299311829749
0.18,1500.0,1462.5478404538965,7.9273,1462.5457169001186,7.927381714430941
0.19,1500.0,1471.9476570149475,7.9247,1471.9487231979315,7.924677690527494
0.2,1500.0,1478.9712994502922,7.923,1478.9722263188212,7.922995054336592
0.21,1500.0,1484.2455391947494,7.9214,1484.2458617524037,7.921425208199965
0.22,1500.0,1488.1982624511338,7.9202,1488.1993056960348,7.920127021227756
0.23,1500.0,1491.1571551714203,7.9192,1491.1557437632555,7.9192666333597765
0.24,1500.0,1493.3685392742927,7.9187,1493.3689498302256,7.91868879916014
0.25,1500.0,1495.0285453259098,7.9182,1495.0291711732527,7.918223039471169
0.26,1500.0,1496.2730721652695,7.9179,1496.2742284025421,7.917849235100507
0.27,1500.0,1497.2073761973109,7.9176,1497.2067802622942,7.917587843733643
0.28,1500.0,1497.9070238772595,7.9174,1497.905620940931,7.917400282778094
0.29,1500.0,1498.4310012570081,7.9172,1498.4297974700276,7.917253148723339
0.3,1500.0,1498.8219575331273,7.9171,1498.8228409584674,7.917140610983856
0.31,1500.0,1499.1147961134343,7.9171,1499.1174148532086,7.917058822769012
0.32,1500.0,1499.3372006398388,7.917,1499.3382497240038,7.916998185808664
0.33,1500.0,1499.503543487907,7.917,1499.503854129891,7.916951819318902
0.34,1500.0,1499.6294455297973,7.9169,1499.6280188562473,7.916916914062032
0.35000000000000003,1500.0,1499.7221292589384,7.9169,1499.7210992457838,7.916891086972115
0.36,1500.0,1499.7918073165313,7.9168,1499.7908869180985,7.916871754392481
0.37,1500.0,1499.84157527269,7.9169,1499.8432154016184,7.916857141757295
0.38,1500.0,1499.8818874665772,7.9169,1499.8824490501072,7.916846186937679
0.39,1500.0,1499.913699037696,7.9168,1499.9118635438185,7.91683801615363
0.4,1500.0,1499.9346139985282,7.9168,1499.9339177727777,7.916831886967321
0.41000000000000003,1500.0,1499.9495121563161,7.9168,1499.9504538220299,7.916827277255086
0.42,1500.0,1499.9608583883448,7.9169,1499.9628518956074,7.916823823534849
0.43,1500.0,1499.97291010784,7.9168,1499.9721474096386,7.916821238992424
0.44,1500.0,1499.9797842527028,7.9168,1499.9791169535447,7.9168192999917135
0.45,1500.0,1499.983990004377,7.9168,1499.9843425569495,7.916817844600953
0.46,1500.0,1499.9871753190835,7.9168,1499.9882605294142,7.91681675396912
0.47000000000000003,1500.0,1499.9896060730116,7.9168,1499.9911980884615,7.916815936771817
0.48,1500.0,1499.9914614534655,7.9169,1499.9934005910484,7.916815323825956
0.49,1500.0,1499.9962694159765,7.9168,1499.9950519659833,7.916814864097883
0.5,1500.0,1499.9976144149355,7.9168,1499.9962901130627,7.916814519506365
0.51,1500.0,1499.997599769254,7.9168,1499.9972184369033,7.91681426119152
0.52,1500.0,1499.9975636541797,7.9168,1499.9979144676684,7.916814067476999
0.53,1500.0,1499.9975354903872,7.9168,1499.9984363309914,7.916813922222003
0.54,1500.0,1499.997513978661,7.9168,1499.9988276078607,7.916813813328762
0.55,1500.0,1499.9974975584153,7.9169,1499.9991209754053,7.91681373168764
0.56,1500.0,1500.000876775573,7.9168,1499.9993409337803,7.916813670470298
0.5700000000000001,1500.0,1500.001131213046,7.9168,1499.9995058519833,7.916813624570492
0.58,1500.0,1500.0002841416556,7.9168,1499.999629502628,7.916813590158158
0.59,1500.0,1499.999612635945,7.9168,1499.9997222121697,7.916813564356989
0.6,1500.0,1499.9990994784064,7.9168,1499.9997917230276,7.916813545011343
0.61,1500.0,1499.9987077708959,7.9168,1499.999843840179,7.916813530506625
0.62,1500.0,1499.9984087801668,7.9168,1499.9998829160504,7.916813519631552
0.63,1500.0,1499.998180560499,7.9169,1499.999912213965,7.916813511477803
0.64,1500.0,1500.001398111141,7.9168,1499.9999341806658,7.916813505364269
0.65,1500.0,1500.0015291485447,7.9168,1499.999950650638,7.916813500780548
0.66,1500.0,1500.0005878858685,7.9168,1499.9999629993274,7.916813497343868
0.67,1500.0,1499.9998444839364,7.9168,1499.9999722580055,7.9168134947671165
0.68,1500.0,1499.9992764480044,7.9168,1499.9999791998866,7.916813492835081
0.6900000000000001,1500.0,1499.9988428518116,7.9168,1499.999984404698,7.91681349138658
0.7000000000000001,1500.0,1499.9985118874456,7.9168,1499.999988307111,7.91681349030049
0.71,1500.0,1499.9982592622982,7.9169,1499.999991233024,7.916813489486138
0.72,1500.0,1500.0014581842336,7.9168,1499.9999934267828,7.916813488875653
0.73,1500.0,1500.0015750023429,7.9168,1499.9999950715985,7.916813488417903
0.74,1500.0,1500.0006228860786,7.9168,1499.9999963048347,7.91681348807461
0.75,1500.0,1499.9998711996009,7.9168,1499.9999972294743,7.916813487817329
0.76,1500.0,1499.9992968400734,7.9168,1499.999997922743,7.916813487624386
0.77,1500.0,1499.9988584170792,7.9168,1499.9999984425347,7.916813487479735
0.78,1500.0,1499.9985237684143,7.9168,1499.9999988322593,7.91681348737127
0.79,1500.0,1499.9982683310425,7.9169,1499.999999124464,7.916813487289915
0.8,1500.0,1500.001465106407,7.9168,1499.9999993435483,7.9168134872289775
0.81,1500.0,1500.001580286039,7.9168,1499.999999507812,7.916813487183271
0.8200000000000001,1500.0,1500.0006269191242,7.9168,1499.9999996309718,7.916813487149005
0.8300000000000001,1500.0,1499.9998742780253,7.9168,1499.9999997233142,7.916813487123291
0.84,1500.0,1499.9992991898353,7.9168,1499.9999997925495,7.916813487104016
0.85,1500.0,1499.9988602106541,7.9168,1499.9999998444598,7.91681348708957
0.86,1500.0,1499.9985251374505,7.9169,1499.9999998833814,7.916813487078713
0.87,1500.0,1500.001661126768,7.9168,1499.9999999125625,7.916813487070603
0.88,1500.0,1500.0017299084022,7.9168,1499.9999999344411,7.916813487064544
0.89,1500.0,1500.0007411258914,7.9168,1499.9999999508473,7.916813487059934
0.9,1500.0,1499.9999614520646,7.9168,1499.999999963146,7.916813487056539
0.91,1500.0,1499.9993657297882,7.9168,1499.999999972367,7.916813487054001
0.92,1500.0,1499.998911000607,7.9168,1499.9999999792822,7.9168134870520595
0.93,1500.0,1499.9985639054287,7.9168,1499.9999999844679,7.916813487050567
0.9400000000000001,1500.0,1499.9982989676314,7.9169,1499.9999999883541,7.916813487049497
0.9500000000000001,1500.0,1500.001488491319,7.9168,1499.9999999912673,7.91681348704872
0.96,1500.0,1500.001598135744,7.9168,1499.9999999934525,7.916813487048109
0.97,1500.0,1500.0006405438053,7.9168,1499.999999995091,7.91681348704765
0.98,1500.0,1499.9998846777462,7.9168,1499.9999999963193,7.916813487047311
0.99,1500.0,1499.9993071279441,7.9168,1499.9999999972408,7.916813487047038
1.0,1500.0,1499.9988662698133,7.9168,1499.9999999979304,7.9168134870468725
1.01,1500.0,1499.9985297624066,7.9169,1499.9999999984495,7.916813487046688
1.02,1500.0,1500.0016646569982,7.9168,1499.9999999988372,7.91681348704659
1.03,1500.0,1500.0017326030272,7.9168,1499.9999999991273,7.916813487046537
1.04,1500.0,1500.0007431826984,7.9168,1499.9999999993456,7.916813487046479
1.05,1500.0,1499.9999630220257,7.9168,1499.9999999995102,7.916813487046404
1.06,1500.0,1499.999366928142,7.9168,1499.9999999996319,7.9168134870464
1.07,1500.0,1499.9989119153108,7.9168,1499.9999999997235,7.91681348704639
1.08,1500.0,1499.9985646036216,7.9168,1499.9999999997942,7.916813487046321
1.09,1500.0,1499.9982995005605,7.9169,1499.9999999998483,7.91681348704622
1.1,1500.0,1500.001488898104,7.9168,1499.9999999998784,7.916813487046471
1.11,1500.0,1500.001598446245,7.9168,1499.9999999999054,7.916813487046574
1.12,1500.0,1500.000640780811,7.9168,1499.9999999999325,7.916813487046456
1.1300000000000001,1500.0,1499.9998848586524,7.9168,1499.9999999999598,7.916813487046109
1.1400000000000001,1500.0,1499.999307266029,7.9168,1499.9999999999627,7.9168134870463405
1.1500000000000001,1500.0,1499.9988663752133,7.9168,1499.9999999999627,7.916813487046646
1.16,1500.0,1499.9985298428599,7.9169,1499.999999999989,7.916813487046081
1.17,1500.0,1500.0016647184088,7.9168,1499.9999999999911,7.916813487046103
1.18,1500.0,1500.0017326499033,7.9168,1499.9999999999911,7.916813487046176
1.19,1500.0,1500.0007432184789,7.9168,1499.9999999999911,7.916813487046249
1.2,1500.0,1499.9999630493362,7.9168,1499.9999999999911,7.916813487046322
1.21,1500.0,1499.9993669489866,7.9168,1499.9999999999911,7.916813487046395
1.22,1500.0,1499.9989119312206,7.9168,1499.9999999999911,7.9168134870464675
1.23,1500.0,1499.9985646157652,7.9168,1499.9999999999911,7.91681348704654
1.24,1500.0,1499.9982995098317,7.9169,1499.9999999999989,7.916813487046357
1.25,1500.0,1500.001488905179,7.9168,1499.9999999999989,7.916813487046366
1.26,1500.0,1500.0015984516433,7.9168,1499.9999999999989,7.916813487046375
1.27,1500.0,1500.000640784933,7.9168,1499.9999999999989,7.916813487046384
1.28,1500.0,1499.9998848617997,7.9168,1499.9999999999989,7.916813487046393
1.29,1500.0,1499.9993072684306,7.9168,1499.9999999999989,7.916813487046402
1.3,1500.0,1499.9988663770457,7.9168,1499.9999999999989,7.916813487046411
1.31,1500.0,1499.9985298442598,7.9169,1499.9999999999989,7.9168134870464195
1.32,1500.0,1500.0016647194761,7.9168,1499.9999999999989,7.916813487046428
1.33,1500.0,1500.001732650717,7.9168,1499.9999999999989,7.916813487046437
1.34,1500.0,1500.0007432190998,7.9168,1499.9999999999989,7.916813487046446
1.35,1500.0,1499.9999630498096,7.9168,1499.9999999999989,7.916813487046455
1.36,1500.0,1499.9993669493474,7.9168,1499.9999999999989,7.916813487046464
1.37,1500.0,1499.998911931495,7.9168,1499.9999999999989,7.916813487046473
1.3800000000000001,1500.0,1499.9985646159764,7.9168,1499.9999999999989,7.916813487046482
1.3900000000000001,1500.0,1499.9982995099908,7.9169,1499.9999999999989,7.916813487046491
1.4000000000000001,1500.0,1500.0014889053034,7.9168,1499.9999999999989,7.9168134870464995
1.41,1500.0,1500.0015984517395,7.9168,1499.9999999999989,7.916813487046508
1.42,1500.0,1500.0006407850053,7.9168,1499.9999999999989,7.916813487046517
1.43,1500.0,1499.9998848618523,7.9168,1499.9999999999989,7.916813487046526
1.44,1500.0,1499.9993072684724,7.9168,1499.9999999999989,7.916813487046535
1.45,1500.0,1499.998866377077,7.9168,1499.9999999999989,7.916813487046544
1.46,1500.0,1499.998529844283,7.9169,1499.9999999999989,7.916813487046553
1.47,1500.0,1500.0016647194943,7.9168,1499.9999999999989,7.916813487046562
1.48,1500.0,1500.001732650731,7.9168,1500.0000000000007,7.916813487046516
1.49,1500.0,1500.00074321911,7.9168,1500.0000000000007,7.916813487046511
1.5,800.0,1499.9999630498182,5.8251,1500.0000000000007,5.825146820379844
1.51,800.0,1429.0541167087931,4.5725,1429.055880343029,4.572580619356776
1.52,800.0,1310.1011625082572,4.0332,1310.1057461224364,4.0331961467484305
1.53,800.0,1187.1151335155444,3.9724,1187.119373614793,3.972416394137792
1.54,800.0,1085.0914682249545,4.0789,1085.0952405187595,4.0788428861130495
1.55,800.0,1010.034624483118,4.2092,1010.0357411282536,4.209163741693448
1.56,800.0,958.2803302358016,4.203,958.2793476476686,4.20295028889965
1.57,800.0,919.9828170761772,4.1902,919.9799796836046,4.190198411035469
1.58,800.0,890.283962709617,4.1891,890.281203089973,4.189135235276231
1.59,800.0,867.4401886343858,4.1969,867.4392474273187,4.196906948239584
1.6,800.0,850.2530660681132,4.206,850.252958497006,4.206032347775746
1.61,800.0,837.5256358180993,4.2119,837.5267339756942,4.211841768142795
1.62,800.0,828.1099659049869,4.2145,828.1091761358617,4.214460629200019
1.6300000000000001,800.0,821.0764849122096,4.216,821.0739337980428,4.216073109872546
1.6400000000000001,800.0,815.7880060706225,4.2177,815.7881038115571,4.217663250815862
1.6500000000000001,800.0,811.825673495146,4.219,811.8252712092592,4.218989196364497
1.6600000000000001,800.0,808.8638534980133,4.2198,808.8628063776325,4.219847303575934
1.67,800.0,806.6445426592372,4.2204,806.6452236076458,4.220418116987655
1.68,800.0,804.9797703475425,4.2209,804.9814062736317,4.220886309753178
1.69,800.0,803.732621782785,4.2213,803.7336114378242,4.221263704721593
1.7,800.0,802.7997326773907,4.2215,802.7991159001701,4.221525033196101
1.71,800.0,802.0988406746023,4.2217,802.0988283628469,4.221712065233901
1.72,800.0,801.5728722335022,4.2219,801.5735297669924,4.221859784531122
1.73,800.0,801.1803712443362,4.222,801.1796440184046,4.221972865622117
1.74,800.0,800.8863529872388,4.222,800.8844517640969,4.222054711029601
1.75,800.0,800.6630479991044,4.2221,800.663152782134,4.222115378940421
1.76,800.0,800.4960178281508,4.2222,800.4971959223694,4.222161891709642
1.77,800.0,800.3729829033542,4.2222,800.3727674775697,4.222196901328549
1.78,800.0,800.2801627256481,4.2222,800.2794909003085,4.222222763926305
1.79,800.0,800.2093392333114,4.2223,800.2095558331584,4.222242128313361
1.8,800.0,800.1586720306565,4.2222,800.1571163283423,4.222256779333516
1.81,800.0,800.1176728446626,4.2222,800.1177995882714,4.222267759937647
1.82,800.0,800.0853368780879,4.2224,800.0883229631532,4.222275945194356
1.83,800.0,800.0674133965434,4.2223,800.0662220852439,4.222282086671585
1.84,800.0,800.0524737158592,4.2222,800.0496510069476,4.222286707183299
1.85,800.0,800.0366627551164,4.2223,800.0372266969731,4.2222901683655385
1.86,800.0,800.0268948417706,4.2223,800.0279115282347,4.222292757998559
1.87,800.0,800.0204796934205,4.2223,800.0209272369917,4.222294701079573
1.8800000000000001,800.0,800.0156079320196,4.2223,800.0156905716183,4.2222961596846105
1.8900000000000001,800.0,800.0118899127988,4.2223,800.0117643094503,4.222297252621147
1.9000000000000001,800.0,800.0090519625924,4.2223,800.0088205364057,4.222298071500727
1.9100000000000001,800.0,800.0068857552153,4.2223,800.0066133731675,4.2222986857484655
1.92,800.0,800.0052322888829,4.2223,800.0049585034692,4.222299146465361
1.93,800.0,800.0039701978407,4.2223,800.0037177367077,4.2222994917829935
1.94,800.0,800.0030068436022,4.2223,800.0027874487834,4.2222997506390545
1.95,800.0,800.0022715152012,4.2223,800.0020899451982,4.22229994476492
1.96,800.0,800.0017102389482,4.2223,800.001566977587,4.222300090329092
1.97,800.0,800.0012818167199,4.2223,800.0011748728334,4.222300199452038
1.98,800.0,800.0009548019827,4.2223,800.0008808845631,4.2223002812653085
1.99,800.0,800.0007051915971,4.2223,800.0006604607579,4.222300342612518
2.0,800.0,800.0005146639606,4.2223,800.0004951935949,4.222300388609597
2.0100000000000002,800.0,800.0003692341946,4.2223,800.0003712813187,4.222300423094625
2.02,800.0,800.0002582276373,4.2223,800.0002783756119,4.222300448950331
2.0300000000000002,800.0,800.0001734963191,4.2223,800.0002087176716,4.222300468336969
2.04,800.0,800.0001088208946,4.2223,800.0001564902421,4.22230048287244
2.05,800.0,800.0000594541351,4.2223,800.0001173316924,4.222300493770425
2.06,800.0,800.0000217724815,4.2223,800.000087971785,4.222300501941433
2.07,800.0,799.9999930100709,4.2223,800.0000659586035,4.222300508067916
2.08,800.0,799.9999710557203,4.2223,800.0000494537813,4.222300512661354
2.09,800.0,799.9999542979614,4.2223,800.0000370789624,4.222300516105332
2.1,800.0,799.9999415067625,4.2223,800.0000278006939,4.222300518687531
2.11,800.0,799.9999317432386,4.2223,800.0000208441254,4.222300520623624
2.12,800.0,799.9999242907397,4.2223,800.0000156283,4.222300522075222
2.13,800.0,799.9999186022466,4.2223,800.0000117176309,4.222300523163579
2.14,800.0,799.9999142602189,4.2223,800.0000087855279,4.22230052397961
2.15,800.0,799.999910945949,4.2223,800.0000065871254,4.222300524591437
2.16,800.0,799.9999084161657,4.2223,800.0000049388285,4.222300525050187
2.17,800.0,799.9999064851816,4.2223,800.000003702986,4.222300525394115
2.18,800.0,799.9999050112615,4.2223,800.0000027763888,4.222300525651961
2.19,800.0,799.9999038862186,4.2223,800.0000020816522,4.222300525845339
2.2,800.0,799.9999030274732,4.2223,800.00000156076,4.2223005259903195
2.21,800.0,799.9999023719927,4.2223,800.000001170211,4.222300526099012
2.22,800.0,799.9999018716638,4.2223,800.0000008773901,4.222300526180474
2.23,800.0,799.9999014897634,4.2223,800.0000006578399,4.222300526241606
2.24,800.0,799.9999011982588,4.2223,800.0000004932284,4.222300526287425
2.25,800.0,799.9999009757533,4.2223,800.0000003698085,4.222300526321753
2.2600000000000002,800.0,799.9999008059153,4.2223,800.0000002772714,4.222300526347504
2.27,800.0,799.9999006762774,4.2223,800.0000002078897,4.2223005263668165
2.2800000000000002,800.0,799.9999005773246,4.2223,800.0000001558687,4.222300526381317
2.29,800.0,799.9999005017931,4.2223,800.0000001168664,4.222300526392148
2.3000000000000003,800.0,799.9999004441403,4.2223,800.0000000876229,4.222300526400289
2.31,800.0,799.9999004001344,4.2223,800.0000000656968,4.222300526406399
2.32,800.0,799.9999003665451,4.2223,800.0000000492578,4.222300526410964
2.33,800.0,799.9999003409063,4.2223,800.000000036932,4.222300526414396
2.34,800.0,799.9999003213362,4.2223,800.0000000276902,4.2223005264169755
2.35,800.0,799.9999003063982,4.2223,800.0000000207617,4.22230052641889
2.36,800.0,799.9999002949954,4.2223,800.000000015566,4.222300526420353
2.37,800.0,799.999900286292,4.2223,800.0000000116707,4.222300526421443
2.38,800.0,799.9999002796491,4.2223,800.0000000087507,4.222300526422245
2.39,800.0,799.9999002745786,4.2223,800.0000000065611,4.222300526422852
2.4,800.0,799.9999002707079,4.2223,800.0000000049188,4.222300526423326
2.41,800.0,799.9999002677534,4.2223,800.0000000036881,4.2223005264236635
2.42,800.0,799.9999002654986,4.2223,800.000000002766,4.222300526423895
2.43,800.0,799.999900263777,4.2223,800.0000000020734,4.222300526424102
2.44,800.0,799.999900262463,4.2223,800.0000000015544,4.2223005264242515
2.45,800.0,799.9999002614601,4.2223,800.0000000011655,4.222300526424358
2.46,800.0,799.9999002606945,4.2223,800.0000000008739,4.222300526424438
2.47,800.0,799.9999002601099,4.2223,800.0000000006554,4.222300526424493
2.48,800.0,799.9999002596638,4.2223,800.0000000004907,4.222300526424563
2.49,800.0,799.9999002593235,4.2223,800.0000000003688,4.222300526424568
2.5,800.0,799.9999002590633,4.2223,800.0000000002765,4.222300526424594
2.5100000000000002,800.0,747.061937078762,5.0974,747.0620368201033,5.0974182577582265
2.52,800.0,735.4775291788173,5.5204,735.4782303228968,5.520406917283154
2.5300000000000002,800.0,750.2975478058652,5.5453,750.298512523505,5.545284952741165
2.54,800.0,767.1899893014707,5.4445,767.1902937685501,5.4445240124028755
2.5500000000000003,800.0,777.0441575221895,5.4013,777.0450457129167,5.401312688876109
2.56,800.0,782.0343201896587,5.421,782.035680893388,5.420916391966138
2.57,800.0,786.0250808411952,5.4344,786.0234251029763,5.434463131185936
2.58,800.0,789.7242411313144,5.4276,789.7242299883379,5.427610706527671
2.59,800.0,792.4648809388078,5.4218,792.4658877964604,5.421756576836486
2.6,800.0,794.2910827977475,5.4231,794.2905083665052,5.423146104590683
2.61,800.0,795.6655868831269,5.4245,795.6662520298815,5.424447932055748
2.62,800.0,796.7745779799267,5.4234,796.773800510657,5.423412771165498
2.63,800.0,797.5989930823023,5.4226,797.5982888436972,5.4226369907332534
2.64,800.0,798.1897648245041,5.4228,798.1906051328878,5.422753893029281
2.65,800.0,798.6386775226506,5.4228,798.6381526761663,5.422799568170494
2.66,800.0,798.9832553963176,5.4226,798.9823577717211,5.422593352672367
2.67,800.0,799.2395342705709,5.4224,799.2386074946103,5.422470322478296
2.68,800.0,799.4262359032526,5.4225,799.4278423555104,5.422459879953578
2.69,800.0,799.5699522997432,5.4224,799.5705662477079,5.422434887392795
2.7,800.0,799.677273803739,5.4224,799.678515635429,5.422388864423016
2.71,800.0,799.7581497836659,5.4224,799.75908235203,5.422362514845726
2.72,800.0,799.8198574624346,5.4223,799.8191877689427,5.422351676430426
2.73,800.0,799.863566592135,5.4224,799.8644056102561,5.422339983161968
2.74,800.0,799.899254680926,5.4223,799.8984011425823,5.4223283802510505
2.75,800.0,799.9241449356693,5.4223,799.9238287100317,5.4223211615742715
2.7600000000000002,800.0,799.9421017746294,5.4223,799.9428658944681,5.422316623633131
2.77,800.0,799.9557832812015,5.4224,799.9571630152651,5.422312631290607
2.7800000000000002,800.0,799.9696175299814,5.4223,799.9678902697747,5.422309379778809
2.79,800.0,799.9778522799876,5.4222,799.9759243043884,5.422307169948354
2.8000000000000003,800.0,799.9797048309915,5.4223,799.9819459950255,5.4223055850064785
2.81,800.0,799.9834188667273,5.4224,799.986464163934,5.4223043108531135
2.82,800.0,799.9906862277605,5.4223,799.989852172961,5.422303337369906
2.83,800.0,799.9939334076255,5.4223,799.9923912105206,5.422302639071218
2.84,800.0,799.995371293659,5.4223,799.9942948526569,5.422302119291031
2.85,800.0,799.9964439105032,5.4223,799.9957225668618,5.422301718192491
2.86,800.0,799.9972620422534,5.4223,799.9967930072895,5.422301417070887
2.87,800.0,799.9978865080204,5.4223,799.9975954450393,5.422301195323519
2.88,800.0,799.9983631624708,5.4223,799.9981971065313,5.4223010288709546
2.89,800.0,799.9987269928592,5.4223,799.9986482640282,5.422300902674899
2.9,800.0,799.9990047046366,5.4223,799.9989865180189,5.422300808239355
2.91,800.0,799.9992166820679,5.4223,799.9992401140854,5.422300737908627
2.92,800.0,799.9993784844661,5.4223,799.9994302577885,5.4223006850739415
2.93,800.0,799.999501988255,5.4223,799.9995728272438,5.422300645302292
2.94,800.0,799.9995962587105,5.4223,799.9996797193484,5.422300615531724
2.95,800.0,799.9996682153607,5.4223,799.999759862122,5.42230059326194
2.96,800.0,799.9997231398798,5.4223,799.9998199516789,5.422300576543324
2.97,800.0,799.9997650637716,5.4223,799.999865005552,5.42230056399202
2.98,800.0,799.9997970642836,5.4223,799.9998987852326,5.422300554590243
2.99,800.0,799.9998214902774,5.4223,799.9999241120687,5.422300547546027
3.0,800.0,799.9998401346414,5.4223,799.9999431015098,5.422300542260997
3.0100000000000002,800.0,799.9998543658869,5.4223,799.999957339266,5.422300538296988
3.02,800.0,799.9998652285987,5.4223,799.9999680142564,5.422300535326225
3.0300000000000002,800.0,799.9998735201074,5.4223,799.9999760180332,5.422300533099234
3.04,800.0,799.9998798490176,5.4223,799.9999820190435,5.422300531429018
3.0500000000000003,800.0,799.9998846798753,5.4223,799.9999865184235,5.422300530176636
3.06,800.0,799.9998883672691,5.4223,799.9999898919173,5.422300529237805
3.0700000000000003,800.0,799.999891181857,5.4223,799.9999924212614,5.422300528533917
3.08,800.0,799.9998933302323,5.4223,799.9999943176884,5.42230052800615
3.09,800.0,799.9998949700878,5.4223,799.999995739575,5.422300527610373
3.1,800.0,799.9998962217898,5.4223,799.999996805661,5.422300527313677
3.11,800.0,799.9998971772138,5.4223,799.9999976049801,5.422300527091233
3.12,800.0,799.9998979064893,5.4223,799.9999982042863,5.42230052692443
3.13,800.0,799.9998984631451,5.4223,799.9999986536275,5.422300526799384
3.14,800.0,799.9998988880402,5.4223,799.9999989905297,5.422300526705641
3.15,800.0,799.9998992123631,5.4223,799.9999992431298,5.422300526635329
3.16,800.0,799.9998994599188,5.4223,799.9999994325215,5.422300526582618
3.17,800.0,799.9998996488785,5.4223,799.9999995745219,5.42230052654309
3.18,800.0,799.9998997931108,5.4223,799.9999996809888,5.4223005265134745
3.19,800.0,799.9998999032033,5.4223,799.9999997608156,5.422300526491237
3.2,800.0,799.9998999872374,5.4223,799.9999998206662,5.422300526474599
3.21,800.0,799.9999000513806,5.4223,799.9999998655406,5.422300526462117
3.22,800.0,799.9999001003405,5.4223,799.9999998991866,5.422300526452747
3.23,800.0,799.9999001377118,5.4223,799.9999999244134,5.422300526445719
3.24,800.0,799.9999001662374,5.4223,799.9999999433276,5.42230052644045
3.25,800.0,799.9999001880109,5.4223,799.9999999575083,5.422300526436517
3.2600000000000002,800.0,799.9999002046309,5.4223,799.9999999681406,5.42230052643357
3.27,800.0,799.9999002173166,5.4223,799.9999999761138,5.422300526431318
3.2800000000000002,800.0,799.9999002269998,5.4223,799.9999999820907,5.422300526429661
3.29,800.0,799.999900234391,5.4223,799.9999999865717,5.42230052642843
3.3000000000000003,800.0,799.9999002400338,5.4223,799.9999999899323,5.4223005264274775
3.31,800.0,799.9999002443403,5.4223,799.9999999924512,5.422300526426789
3.3200000000000003,800.0,799.9999002476268,5.4223,799.9999999943404,5.422300526426254
3.33,800.0,799.9999002501363,5.4223,799.9999999957566,5.422300526425859
3.34,800.0,799.999900252051,5.4223,799.9999999968185,5.4223005264255635
3.35,800.0,799.9999002535127,5.4223,799.9999999976144,5.4223005264253485
3.36,800.0,799.9999002546282,5.4223,799.9999999982113,5.422300526425185
3.37,800.0,799.9999002554796,5.4223,799.9999999986593,5.422300526425046
3.38,800.0,799.9999002561296,5.4223,799.9999999989947,5.422300526424956
3.39,800.0,799.9999002566258,5.4223,799.9999999992457,5.422300526424904
3.4,800.0,799.9999002570044,5.4223,799.9999999994347,5.4223005264248405
3.41,800.0,799.9999002572938,5.4223,799.9999999995763,5.422300526424798
3.42,800.0,799.9999002575142,5.4223,799.9999999996822,5.42230052642477
3.43,800.0,799.9999002576826,5.4223,799.9999999997615,5.422300526424757
3.44,800.0,799.9999002578113,5.4223,799.9999999998214,5.422300526424733
3.45,800.0,799.9999002579094,5.4223,799.9999999998658,5.422300526424729
3.46,800.0,799.999900257984,5.4223,799.9999999998993,5.422300526424724
3.47,800.0,799.9999002580416,5.4223,799.9999999999264,5.422300526424652
3.48,800.0,799.9999002580847,5.4223,799.9999999999415,5.42230052642476
3.49,800.0,799.9999002581173,5.4223,799.9999999999551,5.422300526424789
3.5,800.0,799.9999002581445,5.4223,799.9999999999686,5.42230052642471
3.5100000000000002,800.0,799.9999002581618,5.4223,799.999999999982,5.422300526424524
3.52,800.0,799.9999002581753,5.4223,799.999999999982,5.422300526424672
3.5300000000000002,800.0,799.9999002581889,5.4223,799.999999999982,5.422300526424819
3.54,800.0,799.9999002582025,5.4223,799.9999999999939,5.422300526424576
3.5500000000000003,800.0,799.9999002582026,5.4223,799.9999999999944,5.422300526424607
3.56,800.0,799.9999002582026,5.4223,799.9999999999944,5.422300526424652
3.5700000000000003,800.0,799.9999002582026,5.4223,799.9999999999944,5.4223005264246975
3.58,800.0,799.9999002582026,5.4223,799.9999999999944,5.422300526424743
3.59,800.0,799.9999002582026,5.4223,799.9999999999944,5.422300526424788
3.6,800.0,799.9999002582026,5.4223,799.9999999999944,5.422300526424833
3.61,800.0,799.9999002582026,5.4223,800.0000000000045,5.422300526424581
3.62,800.0,799.9999002582026,5.4223,800.0000000000045,5.422300526424544
3.63,800.0,799.9999002582026,5.4223,799.9999999999987,5.422300526424688
3.64,800.0,799.9999002582026,5.4223,799.9999999999987,5.422300526424698
3.65,800.0,799.9999002582026,5.4223,799.9999999999987,5.422300526424709
3.66,800.0,799.9999002582026,5.4223,799.9999999999987,5.42230052642472
3.67,800.0,799.9999002582026,5.4223,799.9999999999987,5.42230052642473
3.68,800.0,799.9999002582026,5.4223,799.9999999999987,5.422300526424741
3.69,800.0,799.9999002582026,5.4223,799.9999999999987,5.422300526424752
3.7,800.0,799.9999002582026,5.4223,799.9999999999987,5.422300526424762
3.71,800.0,799.9999002582026,5.4223,799.9999999999987,5.422300526424773
3.72,800.0,799.9999002582026,5.4223,799.9999999999987,5.422300526424784
3.73,800.0,799.9999002582026,5.4223,799.9999999999987,5.422300526424794
3.74,800.0,799.9999002582026,5.4223,799.9999999999987,5.422300526424805
3.75,800.0,799.9999002582026,5.4223,799.9999999999987,5.422300526424816
3.7600000000000002,800.0,799.9999002582026,5.4223,799.9999999999987,5.422300526424826
3.77,800.0,799.9999002582026,5.4223,800.0000000000015,5.422300526424758
3.7800000000000002,800.0,799.9999002582026,5.4223,800.0000000000015,5.4223005264247455
3.79,800.0,799.9999002582026,5.4223,800.0000000000015,5.422300526424733
3.8000000000000003,800.0,799.9999002582026,5.4223,800.0000000000015,5.422300526424721
3.81,800.0,799.9999002582026,5.4223,800.0000000000015,5.422300526424708
3.8200000000000003,800.0,799.9999002582026,5.4223,800.0000000000015,5.422300526424696
3.83,800.0,799.9999002582026,5.4223,800.0000000000015,5.422300526424683
3.84,800.0,799.9999002582026,5.4223,800.0000000000015,5.422300526424671
3.85,800.0,799.9999002582026,5.4223,800.0000000000015,5.422300526424658
3.86,800.0,799.9999002582026,5.4223,800.0000000000015,5.422300526424646
3.87,800.0,799.9999002582026,5.4223,800.0000000000015,5.422300526424634
3.88,800.0,799.9999002582026,5.4223,800.0000000000015,5.422300526424621
3.89,800.0,799.9999002582026,5.4223,800.0000000000015,5.422300526424609
3.9,800.0,799.9999002582026,5.4223,800.0000000000015,5.422300526424596
3.91,800.0,799.9999002582026,5.4223,800.0000000000015,5.422300526424584
3.92,800.0,799.9999002582026,5.4223,800.0000000000015,5.422300526424571
3.93,800.0,799.9999002582026,5.4223,800.0000000000015,5.422300526424559
3.94,800.0,799.9999002582026,5.4223,800.0000000000015,5.4223005264245465
3.95,800.0,799.9999002582026,5.4223,800.0000000000015,5.422300526424534
3.96,800.0,799.9999002582026,5.4223,799.9999999999973,5.422300526424639
3.97,800.0,799.9999002582026,5.4223,799.9999999999973,5.422300526424661
3.98,800.0,799.9999002582026,5.4223,799.9999999999973,5.422300526424683
3.99,800.0,799.9999002582026,5.4223,799.9999999999973,5.4223005264247055
